call_id,ticker,call_date,n_utterances,path
KMB_20170424,KMB,2017-04-24,200,data/processed/KMB_20170424.pt
TRST_20170424,TRST,2017-04-24,124,data/processed/TRST_20170424.pt
CAT_20170425,CAT,2017-04-25,113,data/processed/CAT_20170425.pt
CBU_20170425,CBU,2017-04-25,195,data/processed/CBU_20170425.pt
FCX_20170425,FCX,2017-04-25,200,data/processed/FCX_20170425.pt
LMT_20170425,LMT,2017-04-25,144,data/processed/LMT_20170425.pt
MMM_20170425,MMM,2017-04-25,179,data/processed/MMM_20170425.pt
TXN_20170425,TXN,2017-04-25,117,data/processed/TXN_20170425.pt
VLO_20170425,VLO,2017-04-25,100,data/processed/VLO_20170425.pt
WRI_20170425,WRI,2017-04-25,40,data/processed/WRI_20170425.pt
AVY_20170426,AVY,2017-04-26,115,data/processed/AVY_20170426.pt
CPF_20170426,CPF,2017-04-26,70,data/processed/CPF_20170426.pt
CUBI_20170426,CUBI,2017-04-26,200,data/processed/CUBI_20170426.pt
ECHO_20170426,ECHO,2017-04-26,200,data/processed/ECHO_20170426.pt
FCF_20170426,FCF,2017-04-26,101,data/processed/FCF_20170426.pt
GD_20170426,GD,2017-04-26,187,data/processed/GD_20170426.pt
HES_20170426,HES,2017-04-26,94,data/processed/HES_20170426.pt
HSY_20170426,HSY,2017-04-26,40,data/processed/HSY_20170426.pt
LMAT_20170426,LMAT,2017-04-26,200,data/processed/LMAT_20170426.pt
MGLN_20170426,MGLN,2017-04-26,200,data/processed/MGLN_20170426.pt
MHO_20170426,MHO,2017-04-26,200,data/processed/MHO_20170426.pt
MKTX_20170426,MKTX,2017-04-26,200,data/processed/MKTX_20170426.pt
NSC_20170426,NSC,2017-04-26,113,data/processed/NSC_20170426.pt
O_20170426,O,2017-04-26,200,data/processed/O_20170426.pt
ROK_20170426,ROK,2017-04-26,168,data/processed/ROK_20170426.pt
SAH_20170426,SAH,2017-04-26,200,data/processed/SAH_20170426.pt
STX_20170426,STX,2017-04-26,152,data/processed/STX_20170426.pt
SXT_20170426,SXT,2017-04-26,200,data/processed/SXT_20170426.pt
UTHR_20170426,UTHR,2017-04-26,104,data/processed/UTHR_20170426.pt
WRK_20170426,WRK,2017-04-26,149,data/processed/WRK_20170426.pt
XLNX_20170426,XLNX,2017-04-26,73,data/processed/XLNX_20170426.pt
ABBV_20170427,ABBV,2017-04-27,133,data/processed/ABBV_20170427.pt
ALLE_20170427,ALLE,2017-04-27,104,data/processed/ALLE_20170427.pt
AMZN_20170427,AMZN,2017-04-27,187,data/processed/AMZN_20170427.pt
ATNI_20170427,ATNI,2017-04-27,129,data/processed/ATNI_20170427.pt
BPFH_20170427,BPFH,2017-04-27,200,data/processed/BPFH_20170427.pt
CLD_20170427,CLD,2017-04-27,200,data/processed/CLD_20170427.pt
CMCSA_20170427,CMCSA,2017-04-27,104,data/processed/CMCSA_20170427.pt
CMO_20170427,CMO,2017-04-27,46,data/processed/CMO_20170427.pt
CYTK_20170427,CYTK,2017-04-27,190,data/processed/CYTK_20170427.pt
EHTH_20170427,EHTH,2017-04-27,167,data/processed/EHTH_20170427.pt
EIG_20170427,EIG,2017-04-27,149,data/processed/EIG_20170427.pt
EQT_20170427,EQT,2017-04-27,152,data/processed/EQT_20170427.pt
FWRD_20170427,FWRD,2017-04-27,95,data/processed/FWRD_20170427.pt
GHL_20170427,GHL,2017-04-27,175,data/processed/GHL_20170427.pt
INT_20170427,INT,2017-04-27,200,data/processed/INT_20170427.pt
INVA_20170427,INVA,2017-04-27,92,data/processed/INVA_20170427.pt
IRM_20170427,IRM,2017-04-27,85,data/processed/IRM_20170427.pt
JCI_20170427,JCI,2017-04-27,140,data/processed/JCI_20170427.pt
KIM_20170427,KIM,2017-04-27,200,data/processed/KIM_20170427.pt
LKQ_20170427,LKQ,2017-04-27,192,data/processed/LKQ_20170427.pt
LSTR_20170427,LSTR,2017-04-27,200,data/processed/LSTR_20170427.pt
MGM_20170427,MGM,2017-04-27,42,data/processed/MGM_20170427.pt
NATI_20170427,NATI,2017-04-27,153,data/processed/NATI_20170427.pt
NEU_20170427,NEU,2017-04-27,57,data/processed/NEU_20170427.pt
OIS_20170427,OIS,2017-04-27,147,data/processed/OIS_20170427.pt
PATK_20170427,PATK,2017-04-27,23,data/processed/PATK_20170427.pt
PDFS_20170427,PDFS,2017-04-27,200,data/processed/PDFS_20170427.pt
PH_20170427,PH,2017-04-27,137,data/processed/PH_20170427.pt
PJC_20170427,PJC,2017-04-27,79,data/processed/PJC_20170427.pt
POWI_20170427,POWI,2017-04-27,192,data/processed/POWI_20170427.pt
RTN_20170427,RTN,2017-04-27,144,data/processed/RTN_20170427.pt
SIVB_20170427,SIVB,2017-04-27,157,data/processed/SIVB_20170427.pt
SKYW_20170427,SKYW,2017-04-27,121,data/processed/SKYW_20170427.pt
SPOK_20170427,SPOK,2017-04-27,200,data/processed/SPOK_20170427.pt
SPSC_20170427,SPSC,2017-04-27,200,data/processed/SPSC_20170427.pt
TYL_20170427,TYL,2017-04-27,200,data/processed/TYL_20170427.pt
VRSN_20170427,VRSN,2017-04-27,104,data/processed/VRSN_20170427.pt
CVX_20170428,CVX,2017-04-28,200,data/processed/CVX_20170428.pt
FII_20170428,FII,2017-04-28,181,data/processed/FII_20170428.pt
GM_20170428,GM,2017-04-28,144,data/processed/GM_20170428.pt
MATW_20170428,MATW,2017-04-28,200,data/processed/MATW_20170428.pt
PEG_20170428,PEG,2017-04-28,112,data/processed/PEG_20170428.pt
PFS_20170428,PFS,2017-04-28,158,data/processed/PFS_20170428.pt
SBSI_20170428,SBSI,2017-04-28,112,data/processed/SBSI_20170428.pt
WY_20170428,WY,2017-04-28,200,data/processed/WY_20170428.pt
AMD_20170501,AMD,2017-05-01,182,data/processed/AMD_20170501.pt
CAH_20170501,CAH,2017-05-01,166,data/processed/CAH_20170501.pt
CGNX_20170501,CGNX,2017-05-01,107,data/processed/CGNX_20170501.pt
DISH_20170501,DISH,2017-05-01,200,data/processed/DISH_20170501.pt
EGOV_20170501,EGOV,2017-05-01,178,data/processed/EGOV_20170501.pt
ENSG_20170501,ENSG,2017-05-01,200,data/processed/ENSG_20170501.pt
GGP_20170501,GGP,2017-05-01,175,data/processed/GGP_20170501.pt
L_20170501,L,2017-05-01,152,data/processed/L_20170501.pt
MCY_20170501,MCY,2017-05-01,82,data/processed/MCY_20170501.pt
PLT_20170501,PLT,2017-05-01,143,data/processed/PLT_20170501.pt
AAPL_20170502,AAPL,2017-05-02,200,data/processed/AAPL_20170502.pt
ADM_20170502,ADM,2017-05-02,93,data/processed/ADM_20170502.pt
AET_20170502,AET,2017-05-02,117,data/processed/AET_20170502.pt
DVA_20170502,DVA,2017-05-02,66,data/processed/DVA_20170502.pt
ECL_20170502,ECL,2017-05-02,200,data/processed/ECL_20170502.pt
HBI_20170502,HBI,2017-05-02,109,data/processed/HBI_20170502.pt
HCA_20170502,HCA,2017-05-02,78,data/processed/HCA_20170502.pt
HVT_20170502,HVT,2017-05-02,133,data/processed/HVT_20170502.pt
IIVI_20170502,IIVI,2017-05-02,127,data/processed/IIVI_20170502.pt
LCI_20170502,LCI,2017-05-02,200,data/processed/LCI_20170502.pt
LNTH_20170502,LNTH,2017-05-02,131,data/processed/LNTH_20170502.pt
MO_20170502,MO,2017-05-02,53,data/processed/MO_20170502.pt
MRK_20170502,MRK,2017-05-02,116,data/processed/MRK_20170502.pt
OGS_20170502,OGS,2017-05-02,105,data/processed/OGS_20170502.pt
PES_20170502,PES,2017-05-02,155,data/processed/PES_20170502.pt
PNW_20170502,PNW,2017-05-02,80,data/processed/PNW_20170502.pt
SXI_20170502,SXI,2017-05-02,175,data/processed/SXI_20170502.pt
ADP_20170503,ADP,2017-05-03,123,data/processed/ADP_20170503.pt
AEGN_20170503,AEGN,2017-05-03,200,data/processed/AEGN_20170503.pt
ARI_20170503,ARI,2017-05-03,149,data/processed/ARI_20170503.pt
AVA_20170503,AVA,2017-05-03,167,data/processed/AVA_20170503.pt
CLX_20170503,CLX,2017-05-03,64,data/processed/CLX_20170503.pt
CSGS_20170503,CSGS,2017-05-03,174,data/processed/CSGS_20170503.pt
CTL_20170503,CTL,2017-05-03,200,data/processed/CTL_20170503.pt
DDD_20170503,DDD,2017-05-03,153,data/processed/DDD_20170503.pt
EL_20170503,EL,2017-05-03,200,data/processed/EL_20170503.pt
ERA_20170503,ERA,2017-05-03,117,data/processed/ERA_20170503.pt
GRMN_20170503,GRMN,2017-05-03,119,data/processed/GRMN_20170503.pt
HUM_20170503,HUM,2017-05-03,114,data/processed/HUM_20170503.pt
KHC_20170503,KHC,2017-05-03,186,data/processed/KHC_20170503.pt
LFUS_20170503,LFUS,2017-05-03,199,data/processed/LFUS_20170503.pt
NUS_20170503,NUS,2017-05-03,200,data/processed/NUS_20170503.pt
OMI_20170503,OMI,2017-05-03,200,data/processed/OMI_20170503.pt
POWL_20170503,POWL,2017-05-03,148,data/processed/POWL_20170503.pt
SMP_20170503,SMP,2017-05-03,166,data/processed/SMP_20170503.pt
SSTK_20170503,SSTK,2017-05-03,181,data/processed/SSTK_20170503.pt
STRA_20170503,STRA,2017-05-03,134,data/processed/STRA_20170503.pt
UFCS_20170503,UFCS,2017-05-03,120,data/processed/UFCS_20170503.pt
WD_20170503,WD,2017-05-03,200,data/processed/WD_20170503.pt
AAON_20170504,AAON,2017-05-04,24,data/processed/AAON_20170504.pt
ACIW_20170504,ACIW,2017-05-04,162,data/processed/ACIW_20170504.pt
ALE_20170504,ALE,2017-05-04,200,data/processed/ALE_20170504.pt
ANDE_20170504,ANDE,2017-05-04,200,data/processed/ANDE_20170504.pt
ANIP_20170504,ANIP,2017-05-04,135,data/processed/ANIP_20170504.pt
ATO_20170504,ATO,2017-05-04,119,data/processed/ATO_20170504.pt
ATVI_20170504,ATVI,2017-05-04,59,data/processed/ATVI_20170504.pt
BLL_20170504,BLL,2017-05-04,128,data/processed/BLL_20170504.pt
CABO_20170504,CABO,2017-05-04,150,data/processed/CABO_20170504.pt
CNSL_20170504,CNSL,2017-05-04,200,data/processed/CNSL_20170504.pt
CTRL_20170504,CTRL,2017-05-04,182,data/processed/CTRL_20170504.pt
D_20170504,D,2017-05-04,120,data/processed/D_20170504.pt
DNR_20170504,DNR,2017-05-04,125,data/processed/DNR_20170504.pt
EBS_20170504,EBS,2017-05-04,197,data/processed/EBS_20170504.pt
ES_20170504,ES,2017-05-04,200,data/processed/ES_20170504.pt
ESE_20170504,ESE,2017-05-04,66,data/processed/ESE_20170504.pt
FCPT_20170504,FCPT,2017-05-04,57,data/processed/FCPT_20170504.pt
FTK_20170504,FTK,2017-05-04,200,data/processed/FTK_20170504.pt
GFF_20170504,GFF,2017-05-04,186,data/processed/GFF_20170504.pt
HCI_20170504,HCI,2017-05-04,200,data/processed/HCI_20170504.pt
ILG_20170504,ILG,2017-05-04,200,data/processed/ILG_20170504.pt
INCY_20170504,INCY,2017-05-04,200,data/processed/INCY_20170504.pt
IT_20170504,IT,2017-05-04,198,data/processed/IT_20170504.pt
LAMR_20170504,LAMR,2017-05-04,97,data/processed/LAMR_20170504.pt
LQDT_20170504,LQDT,2017-05-04,132,data/processed/LQDT_20170504.pt
LYV_20170504,LYV,2017-05-04,67,data/processed/LYV_20170504.pt
MDU_20170504,MDU,2017-05-04,88,data/processed/MDU_20170504.pt
MED_20170504,MED,2017-05-04,144,data/processed/MED_20170504.pt
MSCI_20170504,MSCI,2017-05-04,130,data/processed/MSCI_20170504.pt
MUR_20170504,MUR,2017-05-04,200,data/processed/MUR_20170504.pt
OGE_20170504,OGE,2017-05-04,23,data/processed/OGE_20170504.pt
ORN_20170504,ORN,2017-05-04,200,data/processed/ORN_20170504.pt
PPL_20170504,PPL,2017-05-04,153,data/processed/PPL_20170504.pt
PRFT_20170504,PRFT,2017-05-04,189,data/processed/PRFT_20170504.pt
PWR_20170504,PWR,2017-05-04,200,data/processed/PWR_20170504.pt
REGN_20170504,REGN,2017-05-04,115,data/processed/REGN_20170504.pt
RGS_20170504,RGS,2017-05-04,174,data/processed/RGS_20170504.pt
SWM_20170504,SWM,2017-05-04,63,data/processed/SWM_20170504.pt
UEIC_20170504,UEIC,2017-05-04,200,data/processed/UEIC_20170504.pt
VAC_20170504,VAC,2017-05-04,177,data/processed/VAC_20170504.pt
WWE_20170504,WWE,2017-05-04,44,data/processed/WWE_20170504.pt
GEOS_20170505,GEOS,2017-05-05,193,data/processed/GEOS_20170505.pt
HCN_20170505,HCN,2017-05-05,109,data/processed/HCN_20170505.pt
HE_20170505,HE,2017-05-05,185,data/processed/HE_20170505.pt
IVR_20170505,IVR,2017-05-05,39,data/processed/IVR_20170505.pt
PDCE_20170505,PDCE,2017-05-05,61,data/processed/PDCE_20170505.pt
PRA_20170505,PRA,2017-05-05,200,data/processed/PRA_20170505.pt
RUTH_20170505,RUTH,2017-05-05,120,data/processed/RUTH_20170505.pt
TREX_20170505,TREX,2017-05-05,62,data/processed/TREX_20170505.pt
AES_20170508,AES,2017-05-08,141,data/processed/AES_20170508.pt
AMPH_20170508,AMPH,2017-05-08,123,data/processed/AMPH_20170508.pt
NWN_20170508,NWN,2017-05-08,123,data/processed/NWN_20170508.pt
SYY_20170508,SYY,2017-05-08,172,data/processed/SYY_20170508.pt
APEI_20170509,APEI,2017-05-09,170,data/processed/APEI_20170509.pt
BKNG_20170509,BKNG,2017-05-09,181,data/processed/BKNG_20170509.pt
CLDT_20170509,CLDT,2017-05-09,143,data/processed/CLDT_20170509.pt
CORE_20170509,CORE,2017-05-09,200,data/processed/CORE_20170509.pt
DEA_20170509,DEA,2017-05-09,132,data/processed/DEA_20170509.pt
DIOD_20170509,DIOD,2017-05-09,178,data/processed/DIOD_20170509.pt
EBIX_20170509,EBIX,2017-05-09,200,data/processed/EBIX_20170509.pt
INGN_20170509,INGN,2017-05-09,124,data/processed/INGN_20170509.pt
IVC_20170509,IVC,2017-05-09,200,data/processed/IVC_20170509.pt
LGIH_20170509,LGIH,2017-05-09,200,data/processed/LGIH_20170509.pt
LGND_20170509,LGND,2017-05-09,193,data/processed/LGND_20170509.pt
MDC_20170509,MDC,2017-05-09,156,data/processed/MDC_20170509.pt
MTSC_20170509,MTSC,2017-05-09,200,data/processed/MTSC_20170509.pt
NVDA_20170509,NVDA,2017-05-09,200,data/processed/NVDA_20170509.pt
NWSA_20170509,NWSA,2017-05-09,117,data/processed/NWSA_20170509.pt
PAHC_20170509,PAHC,2017-05-09,158,data/processed/PAHC_20170509.pt
QNST_20170509,QNST,2017-05-09,85,data/processed/QNST_20170509.pt
SCSC_20170509,SCSC,2017-05-09,182,data/processed/SCSC_20170509.pt
SEDG_20170509,SEDG,2017-05-09,132,data/processed/SEDG_20170509.pt
SEE_20170509,SEE,2017-05-09,144,data/processed/SEE_20170509.pt
SRE_20170509,SRE,2017-05-09,54,data/processed/SRE_20170509.pt
WLH_20170509,WLH,2017-05-09,186,data/processed/WLH_20170509.pt
WRLD_20170509,WRLD,2017-05-09,113,data/processed/WRLD_20170509.pt
XOXO_20170509,XOXO,2017-05-09,134,data/processed/XOXO_20170509.pt
ZBRA_20170509,ZBRA,2017-05-09,200,data/processed/ZBRA_20170509.pt
MTRX_20170510,MTRX,2017-05-10,200,data/processed/MTRX_20170510.pt
MYL_20170510,MYL,2017-05-10,200,data/processed/MYL_20170510.pt
PRSC_20170510,PRSC,2017-05-10,173,data/processed/PRSC_20170510.pt
SWX_20170510,SWX,2017-05-10,162,data/processed/SWX_20170510.pt
TISI_20170510,TISI,2017-05-10,57,data/processed/TISI_20170510.pt
INTL_20170511,INTL,2017-05-11,197,data/processed/INTL_20170511.pt
RGLD_20170511,RGLD,2017-05-11,200,data/processed/RGLD_20170511.pt
BKE_20170518,BKE,2017-05-18,104,data/processed/BKE_20170518.pt
LB_20170518,LB,2017-05-18,200,data/processed/LB_20170518.pt
ROST_20170518,ROST,2017-05-18,178,data/processed/ROST_20170518.pt
WMT_20170518,WMT,2017-05-18,200,data/processed/WMT_20170518.pt
DE_20170519,DE,2017-05-19,40,data/processed/DE_20170519.pt
AZO_20170523,AZO,2017-05-23,200,data/processed/AZO_20170523.pt
RAVN_20170523,RAVN,2017-05-23,195,data/processed/RAVN_20170523.pt
AAP_20170524,AAP,2017-05-24,200,data/processed/AAP_20170524.pt
GES_20170524,GES,2017-05-24,192,data/processed/GES_20170524.pt
HPQ_20170524,HPQ,2017-05-24,87,data/processed/HPQ_20170524.pt
LOW_20170524,LOW,2017-05-24,93,data/processed/LOW_20170524.pt
PLUS_20170524,PLUS,2017-05-24,200,data/processed/PLUS_20170524.pt
REX_20170524,REX,2017-05-24,60,data/processed/REX_20170524.pt
TIF_20170524,TIF,2017-05-24,100,data/processed/TIF_20170524.pt
ADI_20170531,ADI,2017-05-31,116,data/processed/ADI_20170531.pt
DAKT_20170531,DAKT,2017-05-31,114,data/processed/DAKT_20170531.pt
NX_20170531,NX,2017-05-31,124,data/processed/NX_20170531.pt
OLLI_20170531,OLLI,2017-05-31,132,data/processed/OLLI_20170531.pt
ZUMZ_20170601,ZUMZ,2017-06-01,162,data/processed/ZUMZ_20170601.pt
ALOG_20170606,ALOG,2017-06-06,134,data/processed/ALOG_20170606.pt
FRED_20170606,FRED,2017-06-06,200,data/processed/FRED_20170606.pt
ASNA_20170608,ASNA,2017-06-08,200,data/processed/ASNA_20170608.pt
CVCO_20170613,CVCO,2017-06-13,130,data/processed/CVCO_20170613.pt
KR_20170615,KR,2017-06-15,138,data/processed/KR_20170615.pt
LEN_20170620,LEN,2017-06-20,173,data/processed/LEN_20170620.pt
ACN_20170622,ACN,2017-06-22,132,data/processed/ACN_20170622.pt
BKS_20170622,BKS,2017-06-22,131,data/processed/BKS_20170622.pt
SONC_20170622,SONC,2017-06-22,200,data/processed/SONC_20170622.pt
GIS_20170628,GIS,2017-06-28,96,data/processed/GIS_20170628.pt
MON_20170628,MON,2017-06-28,200,data/processed/MON_20170628.pt
PKE_20170628,PKE,2017-06-28,146,data/processed/PKE_20170628.pt
MU_20170629,MU,2017-06-29,120,data/processed/MU_20170629.pt
WBA_20170629,WBA,2017-06-29,115,data/processed/WBA_20170629.pt
WOR_20170629,WOR,2017-06-29,151,data/processed/WOR_20170629.pt
AIR_20170711,AIR,2017-07-11,166,data/processed/AIR_20170711.pt
PEP_20170711,PEP,2017-07-11,178,data/processed/PEP_20170711.pt
EXPO_20170718,EXPO,2017-07-18,162,data/processed/EXPO_20170718.pt
PLD_20170718,PLD,2017-07-18,78,data/processed/PLD_20170718.pt
AXP_20170719,AXP,2017-07-19,130,data/processed/AXP_20170719.pt
BHE_20170719,BHE,2017-07-19,200,data/processed/BHE_20170719.pt
CCI_20170719,CCI,2017-07-19,200,data/processed/CCI_20170719.pt
HWC_20170719,HWC,2017-07-19,200,data/processed/HWC_20170719.pt
USB_20170719,USB,2017-07-19,43,data/processed/USB_20170719.pt
ABT_20170720,ABT,2017-07-20,93,data/processed/ABT_20170720.pt
EBAY_20170720,EBAY,2017-07-20,95,data/processed/EBAY_20170720.pt
GATX_20170720,GATX,2017-07-20,199,data/processed/GATX_20170720.pt
HOMB_20170720,HOMB,2017-07-20,22,data/processed/HOMB_20170720.pt
HZO_20170720,HZO,2017-07-20,197,data/processed/HZO_20170720.pt
IIIN_20170720,IIIN,2017-07-20,137,data/processed/IIIN_20170720.pt
MSFT_20170720,MSFT,2017-07-20,187,data/processed/MSFT_20170720.pt
SCHL_20170720,SCHL,2017-07-20,181,data/processed/SCHL_20170720.pt
SHW_20170720,SHW,2017-07-20,200,data/processed/SHW_20170720.pt
SNA_20170720,SNA,2017-07-20,200,data/processed/SNA_20170720.pt
STC_20170720,STC,2017-07-20,153,data/processed/STC_20170720.pt
ABCB_20170721,ABCB,2017-07-21,198,data/processed/ABCB_20170721.pt
CL_20170721,CL,2017-07-21,200,data/processed/CL_20170721.pt
MINI_20170721,MINI,2017-07-21,81,data/processed/MINI_20170721.pt
NBHC_20170721,NBHC,2017-07-21,171,data/processed/NBHC_20170721.pt
SLB_20170721,SLB,2017-07-21,200,data/processed/SLB_20170721.pt
SXT_20170721,SXT,2017-07-21,200,data/processed/SXT_20170721.pt
CDNS_20170724,CDNS,2017-07-24,53,data/processed/CDNS_20170724.pt
HAL_20170724,HAL,2017-07-24,67,data/processed/HAL_20170724.pt
HAS_20170724,HAS,2017-07-24,118,data/processed/HAS_20170724.pt
TRST_20170724,TRST,2017-07-24,123,data/processed/TRST_20170724.pt
AVY_20170725,AVY,2017-07-25,123,data/processed/AVY_20170725.pt
CAT_20170725,CAT,2017-07-25,12,data/processed/CAT_20170725.pt
DGX_20170725,DGX,2017-07-25,200,data/processed/DGX_20170725.pt
FELE_20170725,FELE,2017-07-25,200,data/processed/FELE_20170725.pt
GM_20170725,GM,2017-07-25,151,data/processed/GM_20170725.pt
HSTM_20170725,HSTM,2017-07-25,200,data/processed/HSTM_20170725.pt
JNPR_20170725,JNPR,2017-07-25,200,data/processed/JNPR_20170725.pt
KMB_20170725,KMB,2017-07-25,50,data/processed/KMB_20170725.pt
LPT_20170725,LPT,2017-07-25,11,data/processed/LPT_20170725.pt
MMM_20170725,MMM,2017-07-25,200,data/processed/MMM_20170725.pt
NEM_20170725,NEM,2017-07-25,71,data/processed/NEM_20170725.pt
PNR_20170725,PNR,2017-07-25,144,data/processed/PNR_20170725.pt
STX_20170725,STX,2017-07-25,191,data/processed/STX_20170725.pt
UTX_20170725,UTX,2017-07-25,70,data/processed/UTX_20170725.pt
WRB_20170725,WRB,2017-07-25,57,data/processed/WRB_20170725.pt
ANTM_20170726,ANTM,2017-07-26,150,data/processed/ANTM_20170726.pt
CHE_20170726,CHE,2017-07-26,69,data/processed/CHE_20170726.pt
CPF_20170726,CPF,2017-07-26,179,data/processed/CPF_20170726.pt
EGP_20170726,EGP,2017-07-26,200,data/processed/EGP_20170726.pt
FCF_20170726,FCF,2017-07-26,64,data/processed/FCF_20170726.pt
HOPE_20170726,HOPE,2017-07-26,200,data/processed/HOPE_20170726.pt
INVA_20170726,INVA,2017-07-26,200,data/processed/INVA_20170726.pt
LPSN_20170726,LPSN,2017-07-26,200,data/processed/LPSN_20170726.pt
MKTX_20170726,MKTX,2017-07-26,200,data/processed/MKTX_20170726.pt
MMSI_20170726,MMSI,2017-07-26,200,data/processed/MMSI_20170726.pt
PB_20170726,PB,2017-07-26,196,data/processed/PB_20170726.pt
PSB_20170726,PSB,2017-07-26,158,data/processed/PSB_20170726.pt
PYPL_20170726,PYPL,2017-07-26,200,data/processed/PYPL_20170726.pt
STRA_20170726,STRA,2017-07-26,54,data/processed/STRA_20170726.pt
TRMK_20170726,TRMK,2017-07-26,165,data/processed/TRMK_20170726.pt
VAR_20170726,VAR,2017-07-26,168,data/processed/VAR_20170726.pt
ACIW_20170727,ACIW,2017-07-27,132,data/processed/ACIW_20170727.pt
ACOR_20170727,ACOR,2017-07-27,143,data/processed/ACOR_20170727.pt
AHL_20170727,AHL,2017-07-27,200,data/processed/AHL_20170727.pt
ALGN_20170727,ALGN,2017-07-27,186,data/processed/ALGN_20170727.pt
AMZN_20170727,AMZN,2017-07-27,139,data/processed/AMZN_20170727.pt
BMY_20170727,BMY,2017-07-27,103,data/processed/BMY_20170727.pt
CMO_20170727,CMO,2017-07-27,47,data/processed/CMO_20170727.pt
COLB_20170727,COLB,2017-07-27,200,data/processed/COLB_20170727.pt
CUBI_20170727,CUBI,2017-07-27,179,data/processed/CUBI_20170727.pt
CW_20170727,CW,2017-07-27,200,data/processed/CW_20170727.pt
DHX_20170727,DHX,2017-07-27,200,data/processed/DHX_20170727.pt
EIG_20170727,EIG,2017-07-27,129,data/processed/EIG_20170727.pt
EQT_20170727,EQT,2017-07-27,56,data/processed/EQT_20170727.pt
GTY_20170727,GTY,2017-07-27,166,data/processed/GTY_20170727.pt
INT_20170727,INT,2017-07-27,194,data/processed/INT_20170727.pt
ITGR_20170727,ITGR,2017-07-27,200,data/processed/ITGR_20170727.pt
IVZ_20170727,IVZ,2017-07-27,169,data/processed/IVZ_20170727.pt
JCI_20170727,JCI,2017-07-27,103,data/processed/JCI_20170727.pt
KEX_20170727,KEX,2017-07-27,200,data/processed/KEX_20170727.pt
KLAC_20170727,KLAC,2017-07-27,106,data/processed/KLAC_20170727.pt
KRC_20170727,KRC,2017-07-27,77,data/processed/KRC_20170727.pt
LKQ_20170727,LKQ,2017-07-27,200,data/processed/LKQ_20170727.pt
LMAT_20170727,LMAT,2017-07-27,200,data/processed/LMAT_20170727.pt
MAT_20170727,MAT,2017-07-27,95,data/processed/MAT_20170727.pt
MMC_20170727,MMC,2017-07-27,200,data/processed/MMC_20170727.pt
MO_20170727,MO,2017-07-27,173,data/processed/MO_20170727.pt
NATI_20170727,NATI,2017-07-27,175,data/processed/NATI_20170727.pt
NLSN_20170727,NLSN,2017-07-27,176,data/processed/NLSN_20170727.pt
O_20170727,O,2017-07-27,200,data/processed/O_20170727.pt
ORI_20170727,ORI,2017-07-27,200,data/processed/ORI_20170727.pt
PCG_20170727,PCG,2017-07-27,131,data/processed/PCG_20170727.pt
PJC_20170727,PJC,2017-07-27,105,data/processed/PJC_20170727.pt
POWI_20170727,POWI,2017-07-27,173,data/processed/POWI_20170727.pt
RS_20170727,RS,2017-07-27,200,data/processed/RS_20170727.pt
RSG_20170727,RSG,2017-07-27,104,data/processed/RSG_20170727.pt
SKYW_20170727,SKYW,2017-07-27,113,data/processed/SKYW_20170727.pt
SPOK_20170727,SPOK,2017-07-27,182,data/processed/SPOK_20170727.pt
SPSC_20170727,SPSC,2017-07-27,177,data/processed/SPSC_20170727.pt
SYK_20170727,SYK,2017-07-27,85,data/processed/SYK_20170727.pt
TREE_20170727,TREE,2017-07-27,200,data/processed/TREE_20170727.pt
UTHR_20170727,UTHR,2017-07-27,134,data/processed/UTHR_20170727.pt
VLO_20170727,VLO,2017-07-27,95,data/processed/VLO_20170727.pt
VRSN_20170727,VRSN,2017-07-27,140,data/processed/VRSN_20170727.pt
WWE_20170727,WWE,2017-07-27,43,data/processed/WWE_20170727.pt
XEL_20170727,XEL,2017-07-27,74,data/processed/XEL_20170727.pt
AAN_20170728,AAN,2017-07-28,200,data/processed/AAN_20170728.pt
AMSF_20170728,AMSF,2017-07-28,158,data/processed/AMSF_20170728.pt
CVX_20170728,CVX,2017-07-28,124,data/processed/CVX_20170728.pt
MGLN_20170728,MGLN,2017-07-28,200,data/processed/MGLN_20170728.pt
MRK_20170728,MRK,2017-07-28,126,data/processed/MRK_20170728.pt
PFS_20170728,PFS,2017-07-28,167,data/processed/PFS_20170728.pt
DAN_20170731,DAN,2017-07-31,200,data/processed/DAN_20170731.pt
HSKA_20170731,HSKA,2017-07-31,190,data/processed/HSKA_20170731.pt
MCY_20170731,MCY,2017-07-31,100,data/processed/MCY_20170731.pt
XOXO_20170731,XOXO,2017-07-31,152,data/processed/XOXO_20170731.pt
AAPL_20170801,AAPL,2017-08-01,200,data/processed/AAPL_20170801.pt
ADM_20170801,ADM,2017-08-01,55,data/processed/ADM_20170801.pt
BGFV_20170801,BGFV,2017-08-01,138,data/processed/BGFV_20170801.pt
CMI_20170801,CMI,2017-08-01,200,data/processed/CMI_20170801.pt
DVA_20170801,DVA,2017-08-01,29,data/processed/DVA_20170801.pt
ECL_20170801,ECL,2017-08-01,31,data/processed/ECL_20170801.pt
EZPW_20170801,EZPW,2017-08-01,155,data/processed/EZPW_20170801.pt
HRS_20170801,HRS,2017-08-01,88,data/processed/HRS_20170801.pt
HVT_20170801,HVT,2017-08-01,97,data/processed/HVT_20170801.pt
INCY_20170801,INCY,2017-08-01,200,data/processed/INCY_20170801.pt
OLN_20170801,OLN,2017-08-01,118,data/processed/OLN_20170801.pt
TGNA_20170801,TGNA,2017-08-01,149,data/processed/TGNA_20170801.pt
TMST_20170801,TMST,2017-08-01,200,data/processed/TMST_20170801.pt
UVE_20170801,UVE,2017-08-01,167,data/processed/UVE_20170801.pt
ALE_20170802,ALE,2017-08-02,188,data/processed/ALE_20170802.pt
CTXS_20170802,CTXS,2017-08-02,174,data/processed/CTXS_20170802.pt
D_20170802,D,2017-08-02,114,data/processed/D_20170802.pt
FIS_20170802,FIS,2017-08-02,153,data/processed/FIS_20170802.pt
GGP_20170802,GGP,2017-08-02,200,data/processed/GGP_20170802.pt
UFCS_20170802,UFCS,2017-08-02,173,data/processed/UFCS_20170802.pt
ABC_20170803,ABC,2017-08-03,200,data/processed/ABC_20170803.pt
BDX_20170803,BDX,2017-08-03,200,data/processed/BDX_20170803.pt
CLX_20170803,CLX,2017-08-03,47,data/processed/CLX_20170803.pt
DISH_20170803,DISH,2017-08-03,10,data/processed/DISH_20170803.pt
PNW_20170803,PNW,2017-08-03,63,data/processed/PNW_20170803.pt
PWR_20170803,PWR,2017-08-03,198,data/processed/PWR_20170803.pt
REGN_20170803,REGN,2017-08-03,134,data/processed/REGN_20170803.pt
SCG_20170803,SCG,2017-08-03,68,data/processed/SCG_20170803.pt
SRCL_20170803,SRCL,2017-08-03,103,data/processed/SRCL_20170803.pt
CBOE_20170804,CBOE,2017-08-04,135,data/processed/CBOE_20170804.pt
DIS_20170808,DIS,2017-08-08,58,data/processed/DIS_20170808.pt
SYY_20170814,SYY,2017-08-14,82,data/processed/SYY_20170814.pt
ROST_20170817,ROST,2017-08-17,59,data/processed/ROST_20170817.pt
COTY_20170822,COTY,2017-08-22,134,data/processed/COTY_20170822.pt
HPQ_20170823,HPQ,2017-08-23,154,data/processed/HPQ_20170823.pt
LOW_20170823,LOW,2017-08-23,80,data/processed/LOW_20170823.pt
COO_20170831,COO,2017-08-31,122,data/processed/COO_20170831.pt
CPB_20170831,CPB,2017-08-31,191,data/processed/CPB_20170831.pt
HPE_20170905,HPE,2017-09-05,200,data/processed/HPE_20170905.pt
KR_20170908,KR,2017-09-08,200,data/processed/KR_20170908.pt
MU_20170926,MU,2017-09-26,167,data/processed/MU_20170926.pt
PEP_20171004,PEP,2017-10-04,200,data/processed/PEP_20171004.pt
C_20171012,C,2017-10-12,200,data/processed/C_20171012.pt
JPM_20171012,JPM,2017-10-12,200,data/processed/JPM_20171012.pt
UNH_20171017,UNH,2017-10-17,49,data/processed/UNH_20171017.pt
ADS_20171019,ADS,2017-10-19,105,data/processed/ADS_20171019.pt
NUE_20171019,NUE,2017-10-19,78,data/processed/NUE_20171019.pt
KSU_20171020,KSU,2017-10-20,136,data/processed/KSU_20171020.pt
ITW_20171023,ITW,2017-10-23,87,data/processed/ITW_20171023.pt
STX_20171023,STX,2017-10-23,49,data/processed/STX_20171023.pt
AMD_20171024,AMD,2017-10-24,61,data/processed/AMD_20171024.pt
CAT_20171024,CAT,2017-10-24,121,data/processed/CAT_20171024.pt
GM_20171024,GM,2017-10-24,116,data/processed/GM_20171024.pt
ILMN_20171024,ILMN,2017-10-24,200,data/processed/ILMN_20171024.pt
LMT_20171024,LMT,2017-10-24,200,data/processed/LMT_20171024.pt
MCD_20171024,MCD,2017-10-24,151,data/processed/MCD_20171024.pt
RF_20171024,RF,2017-10-24,182,data/processed/RF_20171024.pt
TXN_20171024,TXN,2017-10-24,89,data/processed/TXN_20171024.pt
UTX_20171024,UTX,2017-10-24,56,data/processed/UTX_20171024.pt
XL_20171024,XL,2017-10-24,69,data/processed/XL_20171024.pt
AMGN_20171025,AMGN,2017-10-25,120,data/processed/AMGN_20171025.pt
AVY_20171025,AVY,2017-10-25,117,data/processed/AVY_20171025.pt
GD_20171025,GD,2017-10-25,200,data/processed/GD_20171025.pt
HES_20171025,HES,2017-10-25,198,data/processed/HES_20171025.pt
NSC_20171025,NSC,2017-10-25,125,data/processed/NSC_20171025.pt
ALXN_20171026,ALXN,2017-10-26,90,data/processed/ALXN_20171026.pt
CME_20171026,CME,2017-10-26,47,data/processed/CME_20171026.pt
CMS_20171026,CMS,2017-10-26,112,data/processed/CMS_20171026.pt
HSY_20171026,HSY,2017-10-26,176,data/processed/HSY_20171026.pt
INTC_20171026,INTC,2017-10-26,186,data/processed/INTC_20171026.pt
IVZ_20171026,IVZ,2017-10-26,178,data/processed/IVZ_20171026.pt
MAT_20171026,MAT,2017-10-26,200,data/processed/MAT_20171026.pt
MMC_20171026,MMC,2017-10-26,196,data/processed/MMC_20171026.pt
VRSN_20171026,VRSN,2017-10-26,25,data/processed/VRSN_20171026.pt
WDC_20171026,WDC,2017-10-26,90,data/processed/WDC_20171026.pt
ABBV_20171027,ABBV,2017-10-27,107,data/processed/ABBV_20171027.pt
MRK_20171027,MRK,2017-10-27,75,data/processed/MRK_20171027.pt
VTR_20171027,VTR,2017-10-27,158,data/processed/VTR_20171027.pt
D_20171030,D,2017-10-30,106,data/processed/D_20171030.pt
ADM_20171031,ADM,2017-10-31,101,data/processed/ADM_20171031.pt
ECL_20171031,ECL,2017-10-31,36,data/processed/ECL_20171031.pt
K_20171031,K,2017-10-31,174,data/processed/K_20171031.pt
MOS_20171031,MOS,2017-10-31,92,data/processed/MOS_20171031.pt
CTSH_20171101,CTSH,2017-11-01,118,data/processed/CTSH_20171101.pt
EQIX_20171101,EQIX,2017-11-01,97,data/processed/EQIX_20171101.pt
FB_20171101,FB,2017-11-01,156,data/processed/FB_20171101.pt
KHC_20171101,KHC,2017-11-01,98,data/processed/KHC_20171101.pt
AAON_20171102,AAON,2017-11-02,200,data/processed/AAON_20171102.pt
ADP_20171102,ADP,2017-11-02,200,data/processed/ADP_20171102.pt
ANIP_20171102,ANIP,2017-11-02,170,data/processed/ANIP_20171102.pt
APA_20171102,APA,2017-11-02,200,data/processed/APA_20171102.pt
ARI_20171102,ARI,2017-11-02,146,data/processed/ARI_20171102.pt
BLL_20171102,BLL,2017-11-02,200,data/processed/BLL_20171102.pt
CECO_20171102,CECO,2017-11-02,109,data/processed/CECO_20171102.pt
CHUY_20171102,CHUY,2017-11-02,191,data/processed/CHUY_20171102.pt
DHX_20171102,DHX,2017-11-02,200,data/processed/DHX_20171102.pt
ECPG_20171102,ECPG,2017-11-02,191,data/processed/ECPG_20171102.pt
LNTH_20171102,LNTH,2017-11-02,148,data/processed/LNTH_20171102.pt
LOCO_20171102,LOCO,2017-11-02,166,data/processed/LOCO_20171102.pt
MDC_20171102,MDC,2017-11-02,200,data/processed/MDC_20171102.pt
PKI_20171102,PKI,2017-11-02,198,data/processed/PKI_20171102.pt
PLUS_20171102,PLUS,2017-11-02,200,data/processed/PLUS_20171102.pt
RL_20171102,RL,2017-11-02,153,data/processed/RL_20171102.pt
TIVO_20171102,TIVO,2017-11-02,145,data/processed/TIVO_20171102.pt
UNT_20171102,UNT,2017-11-02,200,data/processed/UNT_20171102.pt
WRK_20171102,WRK,2017-11-02,172,data/processed/WRK_20171102.pt
ACET_20171103,ACET,2017-11-03,59,data/processed/ACET_20171103.pt
BELFB_20171103,BELFB,2017-11-03,131,data/processed/BELFB_20171103.pt
CBG_20171103,CBG,2017-11-03,94,data/processed/CBG_20171103.pt
DUK_20171103,DUK,2017-11-03,200,data/processed/DUK_20171103.pt
FCPT_20171103,FCPT,2017-11-03,131,data/processed/FCPT_20171103.pt
HMSY_20171103,HMSY,2017-11-03,19,data/processed/HMSY_20171103.pt
NWN_20171103,NWN,2017-11-03,111,data/processed/NWN_20171103.pt
PNW_20171103,PNW,2017-11-03,82,data/processed/PNW_20171103.pt
SM_20171103,SM,2017-11-03,200,data/processed/SM_20171103.pt
BKNG_20171106,BKNG,2017-11-06,141,data/processed/BKNG_20171106.pt
FN_20171106,FN,2017-11-06,98,data/processed/FN_20171106.pt
FRGI_20171106,FRGI,2017-11-06,164,data/processed/FRGI_20171106.pt
LHCG_20171106,LHCG,2017-11-06,200,data/processed/LHCG_20171106.pt
STC_20171106,STC,2017-11-06,151,data/processed/STC_20171106.pt
AEL_20171107,AEL,2017-11-07,184,data/processed/AEL_20171107.pt
APEI_20171107,APEI,2017-11-07,156,data/processed/APEI_20171107.pt
AWR_20171107,AWR,2017-11-07,143,data/processed/AWR_20171107.pt
BCPC_20171107,BCPC,2017-11-07,178,data/processed/BCPC_20171107.pt
BEL_20171107,BEL,2017-11-07,33,data/processed/BEL_20171107.pt
DEA_20171107,DEA,2017-11-07,119,data/processed/DEA_20171107.pt
IPCC_20171107,IPCC,2017-11-07,178,data/processed/IPCC_20171107.pt
IVR_20171107,IVR,2017-11-07,69,data/processed/IVR_20171107.pt
KOPN_20171107,KOPN,2017-11-07,128,data/processed/KOPN_20171107.pt
MED_20171107,MED,2017-11-07,167,data/processed/MED_20171107.pt
MTDR_20171107,MTDR,2017-11-07,200,data/processed/MTDR_20171107.pt
MTRX_20171107,MTRX,2017-11-07,196,data/processed/MTRX_20171107.pt
NKTR_20171107,NKTR,2017-11-07,109,data/processed/NKTR_20171107.pt
NSA_20171107,NSA,2017-11-07,200,data/processed/NSA_20171107.pt
PAHC_20171107,PAHC,2017-11-07,141,data/processed/PAHC_20171107.pt
PRA_20171107,PRA,2017-11-07,200,data/processed/PRA_20171107.pt
TRIP_20171107,TRIP,2017-11-07,172,data/processed/TRIP_20171107.pt
AMPH_20171108,AMPH,2017-11-08,200,data/processed/AMPH_20171108.pt
CABO_20171108,CABO,2017-11-08,188,data/processed/CABO_20171108.pt
CTL_20171108,CTL,2017-11-08,120,data/processed/CTL_20171108.pt
CVCO_20171108,CVCO,2017-11-08,200,data/processed/CVCO_20171108.pt
FTK_20171108,FTK,2017-11-08,200,data/processed/FTK_20171108.pt
GMED_20171108,GMED,2017-11-08,194,data/processed/GMED_20171108.pt
KELYA_20171108,KELYA,2017-11-08,136,data/processed/KELYA_20171108.pt
ORN_20171108,ORN,2017-11-08,105,data/processed/ORN_20171108.pt
PRAA_20171108,PRAA,2017-11-08,200,data/processed/PRAA_20171108.pt
REGN_20171108,REGN,2017-11-08,115,data/processed/REGN_20171108.pt
SEE_20171108,SEE,2017-11-08,194,data/processed/SEE_20171108.pt
SWX_20171108,SWX,2017-11-08,130,data/processed/SWX_20171108.pt
UFCS_20171108,UFCS,2017-11-08,158,data/processed/UFCS_20171108.pt
ZEUS_20171108,ZEUS,2017-11-08,181,data/processed/ZEUS_20171108.pt
ATO_20171109,ATO,2017-11-09,125,data/processed/ATO_20171109.pt
COTY_20171109,COTY,2017-11-09,200,data/processed/COTY_20171109.pt
CTRE_20171109,CTRE,2017-11-09,150,data/processed/CTRE_20171109.pt
DIS_20171109,DIS,2017-11-09,86,data/processed/DIS_20171109.pt
DISH_20171109,DISH,2017-11-09,48,data/processed/DISH_20171109.pt
JCI_20171109,JCI,2017-11-09,140,data/processed/JCI_20171109.pt
KSS_20171109,KSS,2017-11-09,200,data/processed/KSS_20171109.pt
PRGO_20171109,PRGO,2017-11-09,169,data/processed/PRGO_20171109.pt
UVE_20171109,UVE,2017-11-09,186,data/processed/UVE_20171109.pt
ESE_20171114,ESE,2017-11-14,182,data/processed/ESE_20171114.pt
TGT_20171115,TGT,2017-11-15,114,data/processed/TGT_20171115.pt
BRC_20171116,BRC,2017-11-16,200,data/processed/BRC_20171116.pt
GFF_20171116,GFF,2017-11-16,200,data/processed/GFF_20171116.pt
LB_20171116,LB,2017-11-16,32,data/processed/LB_20171116.pt
VIAB_20171116,VIAB,2017-11-16,99,data/processed/VIAB_20171116.pt
WMT_20171116,WMT,2017-11-16,200,data/processed/WMT_20171116.pt
FL_20171117,FL,2017-11-17,107,data/processed/FL_20171117.pt
MATW_20171117,MATW,2017-11-17,200,data/processed/MATW_20171117.pt
ENTA_20171120,ENTA,2017-11-20,159,data/processed/ENTA_20171120.pt
DAKT_20171121,DAKT,2017-11-21,96,data/processed/DAKT_20171121.pt
HPE_20171121,HPE,2017-11-21,194,data/processed/HPE_20171121.pt
HPQ_20171121,HPQ,2017-11-21,154,data/processed/HPQ_20171121.pt
KIRK_20171121,KIRK,2017-11-21,188,data/processed/KIRK_20171121.pt
NJR_20171121,NJR,2017-11-21,200,data/processed/NJR_20171121.pt
SNPS_20171129,SNPS,2017-11-29,200,data/processed/SNPS_20171129.pt
KR_20171130,KR,2017-11-30,95,data/processed/KR_20171130.pt
ZUMZ_20171130,ZUMZ,2017-11-30,194,data/processed/ZUMZ_20171130.pt
AMWD_20171201,AMWD,2017-12-01,200,data/processed/AMWD_20171201.pt
BNED_20171205,BNED,2017-12-05,200,data/processed/BNED_20171205.pt
FRAN_20171205,FRAN,2017-12-05,200,data/processed/FRAN_20171205.pt
LQDT_20171205,LQDT,2017-12-05,139,data/processed/LQDT_20171205.pt
OXM_20171205,OXM,2017-12-05,200,data/processed/OXM_20171205.pt
FRED_20171206,FRED,2017-12-06,133,data/processed/FRED_20171206.pt
KFY_20171206,KFY,2017-12-06,150,data/processed/KFY_20171206.pt
OLLI_20171206,OLLI,2017-12-06,200,data/processed/OLLI_20171206.pt
POWL_20171206,POWL,2017-12-06,153,data/processed/POWL_20171206.pt
VRA_20171206,VRA,2017-12-06,164,data/processed/VRA_20171206.pt
GEF_20171207,GEF,2017-12-07,191,data/processed/GEF_20171207.pt
NX_20171212,NX,2017-12-12,160,data/processed/NX_20171212.pt
ORCL_20171214,ORCL,2017-12-14,118,data/processed/ORCL_20171214.pt
DRI_20171219,DRI,2017-12-19,200,data/processed/DRI_20171219.pt
GIS_20171220,GIS,2017-12-20,200,data/processed/GIS_20171220.pt
ACN_20171221,ACN,2017-12-21,188,data/processed/ACN_20171221.pt
CAG_20171221,CAG,2017-12-21,200,data/processed/CAG_20171221.pt
KMX_20171221,KMX,2017-12-21,66,data/processed/KMX_20171221.pt
MON_20180104,MON,2018-01-04,200,data/processed/MON_20180104.pt
IIIN_20180118,IIIN,2018-01-18,122,data/processed/IIIN_20180118.pt
SBNY_20180118,SBNY,2018-01-18,124,data/processed/SBNY_20180118.pt
PETS_20180122,PETS,2018-01-22,91,data/processed/PETS_20180122.pt
SFBS_20180122,SFBS,2018-01-22,170,data/processed/SFBS_20180122.pt
HAFC_20180123,HAFC,2018-01-23,200,data/processed/HAFC_20180123.pt
TRST_20180123,TRST,2018-01-23,127,data/processed/TRST_20180123.pt
VZ_20180123,VZ,2018-01-23,142,data/processed/VZ_20180123.pt
FCF_20180124,FCF,2018-01-24,141,data/processed/FCF_20180124.pt
CCI_20180125,CCI,2018-01-25,10,data/processed/CCI_20180125.pt
CCMP_20180125,CCMP,2018-01-25,200,data/processed/CCMP_20180125.pt
COLB_20180125,COLB,2018-01-25,199,data/processed/COLB_20180125.pt
LANC_20180125,LANC,2018-01-25,200,data/processed/LANC_20180125.pt
MSCC_20180125,MSCC,2018-01-25,148,data/processed/MSCC_20180125.pt
ORI_20180125,ORI,2018-01-25,200,data/processed/ORI_20180125.pt
STBA_20180125,STBA,2018-01-25,121,data/processed/STBA_20180125.pt
MATW_20180126,MATW,2018-01-26,156,data/processed/MATW_20180126.pt
WRLD_20180126,WRLD,2018-01-26,97,data/processed/WRLD_20180126.pt
SANM_20180129,SANM,2018-01-29,5,data/processed/SANM_20180129.pt
STX_20180129,STX,2018-01-29,189,data/processed/STX_20180129.pt
ASH_20180130,ASH,2018-01-30,200,data/processed/ASH_20180130.pt
CASH_20180130,CASH,2018-01-30,200,data/processed/CASH_20180130.pt
CATY_20180130,CATY,2018-01-30,138,data/processed/CATY_20180130.pt
CRVL_20180130,CRVL,2018-01-30,64,data/processed/CRVL_20180130.pt
NATI_20180130,NATI,2018-01-30,200,data/processed/NATI_20180130.pt
SXI_20180130,SXI,2018-01-30,194,data/processed/SXI_20180130.pt
WDR_20180130,WDR,2018-01-30,79,data/processed/WDR_20180130.pt
WRB_20180130,WRB,2018-01-30,80,data/processed/WRB_20180130.pt
GFF_20180131,GFF,2018-01-31,165,data/processed/GFF_20180131.pt
IR_20180131,IR,2018-01-31,200,data/processed/IR_20180131.pt
KLIC_20180131,KLIC,2018-01-31,118,data/processed/KLIC_20180131.pt
QNST_20180131,QNST,2018-01-31,109,data/processed/QNST_20180131.pt
AMZN_20180201,AMZN,2018-02-01,136,data/processed/AMZN_20180201.pt
CMO_20180201,CMO,2018-02-01,87,data/processed/CMO_20180201.pt
KELYA_20180201,KELYA,2018-02-01,153,data/processed/KELYA_20180201.pt
LQDT_20180201,LQDT,2018-02-01,137,data/processed/LQDT_20180201.pt
MA_20180201,MA,2018-02-01,180,data/processed/MA_20180201.pt
PJC_20180201,PJC,2018-02-01,179,data/processed/PJC_20180201.pt
RGS_20180201,RGS,2018-02-01,115,data/processed/RGS_20180201.pt
TDY_20180201,TDY,2018-02-01,195,data/processed/TDY_20180201.pt
CRUS_20180205,CRUS,2018-02-05,187,data/processed/CRUS_20180205.pt
FN_20180205,FN,2018-02-05,118,data/processed/FN_20180205.pt
ESE_20180206,ESE,2018-02-06,200,data/processed/ESE_20180206.pt
SBSI_20180206,SBSI,2018-02-06,115,data/processed/SBSI_20180206.pt
SCSC_20180206,SCSC,2018-02-06,157,data/processed/SCSC_20180206.pt
SPSC_20180206,SPSC,2018-02-06,181,data/processed/SPSC_20180206.pt
CVCO_20180207,CVCO,2018-02-07,175,data/processed/CVCO_20180207.pt
ENTA_20180207,ENTA,2018-02-07,180,data/processed/ENTA_20180207.pt
PLUS_20180207,PLUS,2018-02-07,157,data/processed/PLUS_20180207.pt
STE_20180207,STE,2018-02-07,200,data/processed/STE_20180207.pt
INTL_20180208,INTL,2018-02-08,101,data/processed/INTL_20180208.pt
INVA_20180208,INVA,2018-02-08,103,data/processed/INVA_20180208.pt
NJR_20180208,NJR,2018-02-08,152,data/processed/NJR_20180208.pt
VRSN_20180208,VRSN,2018-02-08,196,data/processed/VRSN_20180208.pt
HNI_20180209,HNI,2018-02-09,177,data/processed/HNI_20180209.pt
NSP_20180212,NSP,2018-02-12,182,data/processed/NSP_20180212.pt
MLM_20180213,MLM,2018-02-13,200,data/processed/MLM_20180213.pt
EQIX_20180214,EQIX,2018-02-14,24,data/processed/EQIX_20180214.pt
FSP_20180214,FSP,2018-02-14,130,data/processed/FSP_20180214.pt
OHI_20180214,OHI,2018-02-14,45,data/processed/OHI_20180214.pt
UFCS_20180214,UFCS,2018-02-14,179,data/processed/UFCS_20180214.pt
ACOR_20180215,ACOR,2018-02-15,196,data/processed/ACOR_20180215.pt
ARI_20180215,ARI,2018-02-15,55,data/processed/ARI_20180215.pt
CHE_20180215,CHE,2018-02-15,161,data/processed/CHE_20180215.pt
CRAY_20180215,CRAY,2018-02-15,150,data/processed/CRAY_20180215.pt
INCY_20180215,INCY,2018-02-15,200,data/processed/INCY_20180215.pt
NMIH_20180215,NMIH,2018-02-15,183,data/processed/NMIH_20180215.pt
RS_20180215,RS,2018-02-15,105,data/processed/RS_20180215.pt
TRIP_20180215,TRIP,2018-02-15,200,data/processed/TRIP_20180215.pt
NWL_20180216,NWL,2018-02-16,200,data/processed/NWL_20180216.pt
DAKT_20180220,DAKT,2018-02-20,104,data/processed/DAKT_20180220.pt
AVA_20180221,AVA,2018-02-21,76,data/processed/AVA_20180221.pt
CECO_20180221,CECO,2018-02-21,176,data/processed/CECO_20180221.pt
FCPT_20180221,FCPT,2018-02-21,64,data/processed/FCPT_20180221.pt
FTK_20180221,FTK,2018-02-21,17,data/processed/FTK_20180221.pt
HVT_20180221,HVT,2018-02-21,161,data/processed/HVT_20180221.pt
IVR_20180221,IVR,2018-02-21,40,data/processed/IVR_20180221.pt
LMAT_20180221,LMAT,2018-02-21,200,data/processed/LMAT_20180221.pt
MDCO_20180221,MDCO,2018-02-21,178,data/processed/MDCO_20180221.pt
OSPN_20180221,OSPN,2018-02-21,153,data/processed/OSPN_20180221.pt
TREX_20180221,TREX,2018-02-21,191,data/processed/TREX_20180221.pt
UTHR_20180221,UTHR,2018-02-21,109,data/processed/UTHR_20180221.pt
VVC_20180221,VVC,2018-02-21,193,data/processed/VVC_20180221.pt
WIRE_20180221,WIRE,2018-02-21,200,data/processed/WIRE_20180221.pt
CHK_20180222,CHK,2018-02-22,200,data/processed/CHK_20180222.pt
EIG_20180222,EIG,2018-02-22,152,data/processed/EIG_20180222.pt
IDCC_20180222,IDCC,2018-02-22,200,data/processed/IDCC_20180222.pt
INN_20180222,INN,2018-02-22,200,data/processed/INN_20180222.pt
OGS_20180222,OGS,2018-02-22,91,data/processed/OGS_20180222.pt
SM_20180222,SM,2018-02-22,197,data/processed/SM_20180222.pt
SPTN_20180222,SPTN,2018-02-22,56,data/processed/SPTN_20180222.pt
SWM_20180222,SWM,2018-02-22,198,data/processed/SWM_20180222.pt
CHCT_20180223,CHCT,2018-02-23,122,data/processed/CHCT_20180223.pt
LNT_20180223,LNT,2018-02-23,112,data/processed/LNT_20180223.pt
CLDT_20180226,CLDT,2018-02-26,200,data/processed/CLDT_20180226.pt
EGRX_20180226,EGRX,2018-02-26,200,data/processed/EGRX_20180226.pt
FRGI_20180226,FRGI,2018-02-26,200,data/processed/FRGI_20180226.pt
LNTH_20180226,LNTH,2018-02-26,149,data/processed/LNTH_20180226.pt
AAON_20180227,AAON,2018-02-27,200,data/processed/AAON_20180227.pt
AAXN_20180227,AAXN,2018-02-27,200,data/processed/AAXN_20180227.pt
AMSF_20180227,AMSF,2018-02-27,179,data/processed/AMSF_20180227.pt
ANIP_20180227,ANIP,2018-02-27,189,data/processed/ANIP_20180227.pt
BGFV_20180227,BGFV,2018-02-27,117,data/processed/BGFV_20180227.pt
CLGX_20180227,CLGX,2018-02-27,84,data/processed/CLGX_20180227.pt
EE_20180227,EE,2018-02-27,136,data/processed/EE_20180227.pt
EXTN_20180227,EXTN,2018-02-27,200,data/processed/EXTN_20180227.pt
INGN_20180227,INGN,2018-02-27,200,data/processed/INGN_20180227.pt
VSI_20180227,VSI,2018-02-27,200,data/processed/VSI_20180227.pt
GTY_20180228,GTY,2018-02-28,160,data/processed/GTY_20180228.pt
HSKA_20180228,HSKA,2018-02-28,200,data/processed/HSKA_20180228.pt
SUPN_20180228,SUPN,2018-02-28,200,data/processed/SUPN_20180228.pt
BNED_20180301,BNED,2018-03-01,189,data/processed/BNED_20180301.pt
CWT_20180301,CWT,2018-03-01,200,data/processed/CWT_20180301.pt
SPOK_20180301,SPOK,2018-03-01,200,data/processed/SPOK_20180301.pt
SWX_20180301,SWX,2018-03-01,200,data/processed/SWX_20180301.pt
TPRE_20180301,TPRE,2018-03-01,172,data/processed/TPRE_20180301.pt
ALG_20180302,ALG,2018-03-02,200,data/processed/ALG_20180302.pt
EFX_20180302,EFX,2018-03-02,18,data/processed/EFX_20180302.pt
ALOG_20180305,ALOG,2018-03-05,61,data/processed/ALOG_20180305.pt
NX_20180306,NX,2018-03-06,133,data/processed/NX_20180306.pt
PARR_20180306,PARR,2018-03-06,147,data/processed/PARR_20180306.pt
SPPI_20180306,SPPI,2018-03-06,131,data/processed/SPPI_20180306.pt
COST_20180307,COST,2018-03-07,8,data/processed/COST_20180307.pt
MCF_20180309,MCF,2018-03-09,183,data/processed/MCF_20180309.pt
AMPH_20180312,AMPH,2018-03-12,200,data/processed/AMPH_20180312.pt
VRA_20180314,VRA,2018-03-14,200,data/processed/VRA_20180314.pt
BKE_20180316,BKE,2018-03-16,78,data/processed/BKE_20180316.pt
SCHL_20180321,SCHL,2018-03-21,139,data/processed/SCHL_20180321.pt
REX_20180322,REX,2018-03-22,5,data/processed/REX_20180322.pt
MOV_20180329,MOV,2018-03-29,144,data/processed/MOV_20180329.pt
WOR_20180329,WOR,2018-03-29,177,data/processed/WOR_20180329.pt
BPFH_20180419,BPFH,2018-04-19,175,data/processed/BPFH_20180419.pt
EXPO_20180419,EXPO,2018-04-19,200,data/processed/EXPO_20180419.pt
PBCT_20180419,PBCT,2018-04-19,200,data/processed/PBCT_20180419.pt
ABCB_20180420,ABCB,2018-04-20,200,data/processed/ABCB_20180420.pt
CHE_20180420,CHE,2018-04-20,108,data/processed/CHE_20180420.pt
IIIN_20180423,IIIN,2018-04-23,123,data/processed/IIIN_20180423.pt
ABG_20180424,ABG,2018-04-24,200,data/processed/ABG_20180424.pt
HAFC_20180424,HAFC,2018-04-24,170,data/processed/HAFC_20180424.pt
OI_20180424,OI,2018-04-24,200,data/processed/OI_20180424.pt
SFNC_20180424,SFNC,2018-04-24,200,data/processed/SFNC_20180424.pt
CBU_20180425,CBU,2018-04-25,200,data/processed/CBU_20180425.pt
CPF_20180425,CPF,2018-04-25,180,data/processed/CPF_20180425.pt
FCF_20180425,FCF,2018-04-25,60,data/processed/FCF_20180425.pt
FMBI_20180425,FMBI,2018-04-25,200,data/processed/FMBI_20180425.pt
IRT_20180425,IRT,2018-04-25,200,data/processed/IRT_20180425.pt
LAD_20180425,LAD,2018-04-25,200,data/processed/LAD_20180425.pt
LMAT_20180425,LMAT,2018-04-25,174,data/processed/LMAT_20180425.pt
MKSI_20180425,MKSI,2018-04-25,200,data/processed/MKSI_20180425.pt
MKTX_20180425,MKTX,2018-04-25,200,data/processed/MKTX_20180425.pt
PSB_20180425,PSB,2018-04-25,186,data/processed/PSB_20180425.pt
ROL_20180425,ROL,2018-04-25,200,data/processed/ROL_20180425.pt
UCBI_20180425,UCBI,2018-04-25,200,data/processed/UCBI_20180425.pt
UMBF_20180425,UMBF,2018-04-25,200,data/processed/UMBF_20180425.pt
UVE_20180425,UVE,2018-04-25,151,data/processed/UVE_20180425.pt
V_20180425,V,2018-04-25,200,data/processed/V_20180425.pt
AIT_20180426,AIT,2018-04-26,96,data/processed/AIT_20180426.pt
AMZN_20180426,AMZN,2018-04-26,133,data/processed/AMZN_20180426.pt
CCMP_20180426,CCMP,2018-04-26,187,data/processed/CCMP_20180426.pt
CLD_20180426,CLD,2018-04-26,199,data/processed/CLD_20180426.pt
CME_20180426,CME,2018-04-26,55,data/processed/CME_20180426.pt
DGII_20180426,DGII,2018-04-26,200,data/processed/DGII_20180426.pt
DLX_20180426,DLX,2018-04-26,200,data/processed/DLX_20180426.pt
EQT_20180426,EQT,2018-04-26,166,data/processed/EQT_20180426.pt
FCPT_20180426,FCPT,2018-04-26,143,data/processed/FCPT_20180426.pt
GEO_20180426,GEO,2018-04-26,158,data/processed/GEO_20180426.pt
GPI_20180426,GPI,2018-04-26,200,data/processed/GPI_20180426.pt
GWB_20180426,GWB,2018-04-26,200,data/processed/GWB_20180426.pt
LANC_20180426,LANC,2018-04-26,200,data/processed/LANC_20180426.pt
LSTR_20180426,LSTR,2018-04-26,200,data/processed/LSTR_20180426.pt
MAT_20180426,MAT,2018-04-26,157,data/processed/MAT_20180426.pt
MDXG_20180426,MDXG,2018-04-26,154,data/processed/MDXG_20180426.pt
NATI_20180426,NATI,2018-04-26,162,data/processed/NATI_20180426.pt
POWI_20180426,POWI,2018-04-26,176,data/processed/POWI_20180426.pt
PX_20180426,PX,2018-04-26,200,data/processed/PX_20180426.pt
ROIC_20180426,ROIC,2018-04-26,187,data/processed/ROIC_20180426.pt
SKYW_20180426,SKYW,2018-04-26,131,data/processed/SKYW_20180426.pt
SPSC_20180426,SPSC,2018-04-26,147,data/processed/SPSC_20180426.pt
VVI_20180426,VVI,2018-04-26,158,data/processed/VVI_20180426.pt
CHTR_20180427,CHTR,2018-04-27,200,data/processed/CHTR_20180427.pt
CL_20180427,CL,2018-04-27,200,data/processed/CL_20180427.pt
NR_20180427,NR,2018-04-27,68,data/processed/NR_20180427.pt
PFS_20180427,PFS,2018-04-27,162,data/processed/PFS_20180427.pt
PJC_20180427,PJC,2018-04-27,200,data/processed/PJC_20180427.pt
SAIA_20180427,SAIA,2018-04-27,200,data/processed/SAIA_20180427.pt
TMST_20180427,TMST,2018-04-27,178,data/processed/TMST_20180427.pt
CASH_20180430,CASH,2018-04-30,200,data/processed/CASH_20180430.pt
CTB_20180430,CTB,2018-04-30,200,data/processed/CTB_20180430.pt
DAN_20180430,DAN,2018-04-30,200,data/processed/DAN_20180430.pt
DSPG_20180430,DSPG,2018-04-30,200,data/processed/DSPG_20180430.pt
INGN_20180430,INGN,2018-04-30,200,data/processed/INGN_20180430.pt
NSP_20180430,NSP,2018-04-30,200,data/processed/NSP_20180430.pt
TBI_20180430,TBI,2018-04-30,200,data/processed/TBI_20180430.pt
BGFV_20180501,BGFV,2018-05-01,85,data/processed/BGFV_20180501.pt
CLDT_20180501,CLDT,2018-05-01,111,data/processed/CLDT_20180501.pt
GWR_20180501,GWR,2018-05-01,40,data/processed/GWR_20180501.pt
INCY_20180501,INCY,2018-05-01,200,data/processed/INCY_20180501.pt
OGS_20180501,OGS,2018-05-01,116,data/processed/OGS_20180501.pt
PPBI_20180501,PPBI,2018-05-01,187,data/processed/PPBI_20180501.pt
PRFT_20180501,PRFT,2018-05-01,192,data/processed/PRFT_20180501.pt
SBSI_20180501,SBSI,2018-05-01,118,data/processed/SBSI_20180501.pt
UAA_20180501,UAA,2018-05-01,200,data/processed/UAA_20180501.pt
UFS_20180501,UFS,2018-05-01,102,data/processed/UFS_20180501.pt
ACOR_20180502,ACOR,2018-05-02,127,data/processed/ACOR_20180502.pt
ALE_20180502,ALE,2018-05-02,178,data/processed/ALE_20180502.pt
ASH_20180502,ASH,2018-05-02,200,data/processed/ASH_20180502.pt
AVA_20180502,AVA,2018-05-02,37,data/processed/AVA_20180502.pt
CHK_20180502,CHK,2018-05-02,200,data/processed/CHK_20180502.pt
CRUS_20180502,CRUS,2018-05-02,200,data/processed/CRUS_20180502.pt
CUB_20180502,CUB,2018-05-02,162,data/processed/CUB_20180502.pt
FSP_20180502,FSP,2018-05-02,128,data/processed/FSP_20180502.pt
HFC_20180502,HFC,2018-05-02,192,data/processed/HFC_20180502.pt
ITG_20180502,ITG,2018-05-02,200,data/processed/ITG_20180502.pt
JKHY_20180502,JKHY,2018-05-02,69,data/processed/JKHY_20180502.pt
KHC_20180502,KHC,2018-05-02,200,data/processed/KHC_20180502.pt
LAMR_20180502,LAMR,2018-05-02,11,data/processed/LAMR_20180502.pt
LNTH_20180502,LNTH,2018-05-02,177,data/processed/LNTH_20180502.pt
MASI_20180502,MASI,2018-05-02,179,data/processed/MASI_20180502.pt
NSIT_20180502,NSIT,2018-05-02,159,data/processed/NSIT_20180502.pt
PEI_20180502,PEI,2018-05-02,160,data/processed/PEI_20180502.pt
PES_20180502,PES,2018-05-02,122,data/processed/PES_20180502.pt
SKT_20180502,SKT,2018-05-02,200,data/processed/SKT_20180502.pt
STRA_20180502,STRA,2018-05-02,95,data/processed/STRA_20180502.pt
UTHR_20180502,UTHR,2018-05-02,152,data/processed/UTHR_20180502.pt
WIRE_20180502,WIRE,2018-05-02,200,data/processed/WIRE_20180502.pt
AAON_20180503,AAON,2018-05-03,200,data/processed/AAON_20180503.pt
ABMD_20180503,ABMD,2018-05-03,123,data/processed/ABMD_20180503.pt
AEGN_20180503,AEGN,2018-05-03,200,data/processed/AEGN_20180503.pt
AFG_20180503,AFG,2018-05-03,200,data/processed/AFG_20180503.pt
AHL_20180503,AHL,2018-05-03,200,data/processed/AHL_20180503.pt
BELFB_20180503,BELFB,2018-05-03,111,data/processed/BELFB_20180503.pt
CDR_20180503,CDR,2018-05-03,169,data/processed/CDR_20180503.pt
CLI_20180503,CLI,2018-05-03,134,data/processed/CLI_20180503.pt
CNSL_20180503,CNSL,2018-05-03,168,data/processed/CNSL_20180503.pt
CPE_20180503,CPE,2018-05-03,200,data/processed/CPE_20180503.pt
EBS_20180503,EBS,2018-05-03,200,data/processed/EBS_20180503.pt
ENSG_20180503,ENSG,2018-05-03,200,data/processed/ENSG_20180503.pt
EXTN_20180503,EXTN,2018-05-03,200,data/processed/EXTN_20180503.pt
ILG_20180503,ILG,2018-05-03,89,data/processed/ILG_20180503.pt
LNT_20180503,LNT,2018-05-03,90,data/processed/LNT_20180503.pt
LQDT_20180503,LQDT,2018-05-03,174,data/processed/LQDT_20180503.pt
MDU_20180503,MDU,2018-05-03,158,data/processed/MDU_20180503.pt
MRO_20180503,MRO,2018-05-03,200,data/processed/MRO_20180503.pt
SEE_20180503,SEE,2018-05-03,200,data/processed/SEE_20180503.pt
STC_20180503,STC,2018-05-03,92,data/processed/STC_20180503.pt
SWM_20180503,SWM,2018-05-03,200,data/processed/SWM_20180503.pt
UNT_20180503,UNT,2018-05-03,196,data/processed/UNT_20180503.pt
ALG_20180504,ALG,2018-05-04,200,data/processed/ALG_20180504.pt
ASIX_20180504,ASIX,2018-05-04,186,data/processed/ASIX_20180504.pt
BKH_20180504,BKH,2018-05-04,200,data/processed/BKH_20180504.pt
CBOE_20180504,CBOE,2018-05-04,200,data/processed/CBOE_20180504.pt
FRED_20180504,FRED,2018-05-04,69,data/processed/FRED_20180504.pt
GEOS_20180504,GEOS,2018-05-04,178,data/processed/GEOS_20180504.pt
HMSY_20180504,HMSY,2018-05-04,200,data/processed/HMSY_20180504.pt
HSKA_20180504,HSKA,2018-05-04,194,data/processed/HSKA_20180504.pt
NJR_20180504,NJR,2018-05-04,177,data/processed/NJR_20180504.pt
ROCK_20180504,ROCK,2018-05-04,200,data/processed/ROCK_20180504.pt
SM_20180504,SM,2018-05-04,139,data/processed/SM_20180504.pt
FN_20180507,FN,2018-05-07,151,data/processed/FN_20180507.pt
MYE_20180507,MYE,2018-05-07,200,data/processed/MYE_20180507.pt
NLS_20180507,NLS,2018-05-07,99,data/processed/NLS_20180507.pt
PETS_20180507,PETS,2018-05-07,82,data/processed/PETS_20180507.pt
TREX_20180507,TREX,2018-05-07,159,data/processed/TREX_20180507.pt
WSR_20180507,WSR,2018-05-07,195,data/processed/WSR_20180507.pt
AIV_20180508,AIV,2018-05-08,200,data/processed/AIV_20180508.pt
ANIP_20180508,ANIP,2018-05-08,144,data/processed/ANIP_20180508.pt
APEI_20180508,APEI,2018-05-08,170,data/processed/APEI_20180508.pt
AWR_20180508,AWR,2018-05-08,140,data/processed/AWR_20180508.pt
CORT_20180508,CORT,2018-05-08,75,data/processed/CORT_20180508.pt
DF_20180508,DF,2018-05-08,200,data/processed/DF_20180508.pt
DIOD_20180508,DIOD,2018-05-08,200,data/processed/DIOD_20180508.pt
ENTA_20180508,ENTA,2018-05-08,135,data/processed/ENTA_20180508.pt
ESE_20180508,ESE,2018-05-08,127,data/processed/ESE_20180508.pt
KOPN_20180508,KOPN,2018-05-08,111,data/processed/KOPN_20180508.pt
LGIH_20180508,LGIH,2018-05-08,200,data/processed/LGIH_20180508.pt
MNST_20180508,MNST,2018-05-08,93,data/processed/MNST_20180508.pt
MNTA_20180508,MNTA,2018-05-08,154,data/processed/MNTA_20180508.pt
NWN_20180508,NWN,2018-05-08,127,data/processed/NWN_20180508.pt
PDFS_20180508,PDFS,2018-05-08,111,data/processed/PDFS_20180508.pt
SCSC_20180508,SCSC,2018-05-08,28,data/processed/SCSC_20180508.pt
SWX_20180508,SWX,2018-05-08,200,data/processed/SWX_20180508.pt
VRTV_20180508,VRTV,2018-05-08,156,data/processed/VRTV_20180508.pt
WLH_20180508,WLH,2018-05-08,200,data/processed/WLH_20180508.pt
CBB_20180509,CBB,2018-05-09,200,data/processed/CBB_20180509.pt
CHCT_20180509,CHCT,2018-05-09,109,data/processed/CHCT_20180509.pt
COTY_20180509,COTY,2018-05-09,200,data/processed/COTY_20180509.pt
CTRE_20180509,CTRE,2018-05-09,163,data/processed/CTRE_20180509.pt
INTL_20180509,INTL,2018-05-09,111,data/processed/INTL_20180509.pt
ODP_20180509,ODP,2018-05-09,200,data/processed/ODP_20180509.pt
PARR_20180509,PARR,2018-05-09,190,data/processed/PARR_20180509.pt
POWL_20180509,POWL,2018-05-09,165,data/processed/POWL_20180509.pt
PRAA_20180509,PRAA,2018-05-09,101,data/processed/PRAA_20180509.pt
PRI_20180509,PRI,2018-05-09,200,data/processed/PRI_20180509.pt
TRIP_20180509,TRIP,2018-05-09,200,data/processed/TRIP_20180509.pt
VSI_20180509,VSI,2018-05-09,196,data/processed/VSI_20180509.pt
WTR_20180509,WTR,2018-05-09,190,data/processed/WTR_20180509.pt
EGRX_20180510,EGRX,2018-05-10,200,data/processed/EGRX_20180510.pt
FTK_20180510,FTK,2018-05-10,200,data/processed/FTK_20180510.pt
KELYA_20180510,KELYA,2018-05-10,117,data/processed/KELYA_20180510.pt
KLIC_20180510,KLIC,2018-05-10,58,data/processed/KLIC_20180510.pt
MHLD_20180510,MHLD,2018-05-10,143,data/processed/MHLD_20180510.pt
PRSC_20180510,PRSC,2018-05-10,168,data/processed/PRSC_20180510.pt
TPRE_20180510,TPRE,2018-05-10,147,data/processed/TPRE_20180510.pt
WRLD_20180510,WRLD,2018-05-10,67,data/processed/WRLD_20180510.pt
ITRI_20180514,ITRI,2018-05-14,105,data/processed/ITRI_20180514.pt
KEM_20180517,KEM,2018-05-17,5,data/processed/KEM_20180517.pt
RAVN_20180518,RAVN,2018-05-18,109,data/processed/RAVN_20180518.pt
BRS_20180524,BRS,2018-05-24,200,data/processed/BRS_20180524.pt
BKE_20180525,BKE,2018-05-25,98,data/processed/BKE_20180525.pt
LABL_20180529,LABL,2018-05-29,19,data/processed/LABL_20180529.pt
ADI_20180530,ADI,2018-05-30,200,data/processed/ADI_20180530.pt
CVCO_20180530,CVCO,2018-05-30,188,data/processed/CVCO_20180530.pt
DAKT_20180530,DAKT,2018-05-30,108,data/processed/DAKT_20180530.pt
MOV_20180530,MOV,2018-05-30,138,data/processed/MOV_20180530.pt
CRVL_20180531,CRVL,2018-05-31,93,data/processed/CRVL_20180531.pt
KIRK_20180531,KIRK,2018-05-31,196,data/processed/KIRK_20180531.pt
GCO_20180605,GCO,2018-06-05,102,data/processed/GCO_20180605.pt
FRED_20180614,FRED,2018-06-14,51,data/processed/FRED_20180614.pt
BKS_20180621,BKS,2018-06-21,28,data/processed/BKS_20180621.pt
